<Ui xmlns="http://www.blizzard.com/wow/ui/" xmlns:xsi="http://www.w3.org/2001/XMLSchema-instance" xsi:schemaLocation="http://www.blizzard.com/wow/ui/
..\FrameXML\UI.xsd">

<!--@no-lib-strip@-->
<Script file="Libs\LibStub\LibStub.lua"/>
<Include file="Libs\CallbackHandler-1.0\CallbackHandler-1.0.xml"/>
<!--@end-no-lib-strip@-->
<Script file="Libs\LibDataBroker-1.1\LibDataBroker-1.1.lua"/>
<!--@no-lib-strip@-->
<Script file="Libs\LibSharedMedia-3.0\LibSharedMedia-3.0.lua"/>
<Include file="Libs\LibBabble-Boss-3.0\lib.xml"/>
<Include file="Libs\LibBabble-ItemSet-3.0\lib.xml"/>
<Include file="Libs\LibBabble-Faction-3.0\lib.xml"/>
<Script file="Libs\LibDBIcon-1.0\LibDBIcon-1.0.lua"/>
<Include file="Libs\LibDialog-1.0\lib.xml"/>
<!--@end-no-lib-strip@-->
<Script file="Libs\ALDB-1.0\ALDB-1.0.lua"/>
</Ui>
